,accuracy,f1_score,auc,mcc
dmon_best_0.pth,0.6,0.5733333333333334,0.581453634085213,0.1990107605117753
dmon_best_1.pth,0.6,0.5604395604395604,0.606516290726817,0.20680476505560724
dmon_best_2.pth,0.575,0.45117029862792574,0.49122807017543857,0.24118819447136
dmon_best_3.pth,0.65,0.6011396011396011,0.6115288220551378,0.35244498873176183
dmon_best_4.pth,0.525,0.34426229508196726,0.37844611528822053,0.0
